Gender,Age,Degree,CGPA,Internships_Count,Projects_Count,Certifications_Count,Technical_Skills_Score_100,Communication_Skills_Score_100,Aptitude_Test_Score_100,Placement_Offer,Salary_Offered_USD
Male,19,Business,2.56,3,8,0,64,42,57,Yes,8047.08
Female,27,Engineering,3.66,0,5,2,78,54,40,Yes,3518.56
Male,26,Data Science,3.73,0,5,1,61,54,49,No,11791.75
Male,18,Computer Science,2.21,2,8,5,66,42,72,Yes,13946.28
Male,20,Business,2.59,3,9,2,69,50,53,No,10951.66
Male,21,Computer Science,3.04,2,4,0,64,74,91,No,19631.72
Male,25,Data Science,2.42,4,8,4,50,61,65,Yes,14820.55
Female,28,Data Science,2.48,4,8,2,96,57,50,No,13036.97
Female,27,Engineering,3.02,0,3,4,49,84,76,Yes,16192.47
Male,29,Data Science,3.01,2,4,2,70,90,67,No,12022.49
Female,28,Arts,2.14,0,2,1,92,78,78,Yes,17819.5
Female,20,Data Science,2.18,4,5,0,95,91,42,Yes,10923.5
Male,25,Data Science,3.75,4,6,3,59,58,88,Yes,4770.96
Female,27,Business,2.42,2,6,3,42,85,48,Yes,6365.33
Male,25,Engineering,2.97,3,2,5,92,79,71,No,10596.11
Female,19,Arts,2.93,0,4,0,59,56,92,Yes,10484.99
Male,28,Computer Science,3.19,2,2,0,47,93,56,No,18755.05
Female,22,Engineering,2.46,4,5,2,79,94,73,Yes,10333.46
Female,28,Arts,3.49,0,2,4,74,86,94,Yes,4398.37
Male,29,Arts,2.6,1,9,0,75,40,86,No,11139.73
Male,25,Business,2.55,0,1,4,47,74,97,No,15116.57
Male,22,Business,3.7,3,6,3,66,64,70,No,6889.4
Female,25,Arts,2.79,2,9,5,71,48,74,No,17820.39
Female,26,Computer Science,2.19,2,3,5,45,53,48,Yes,3127.2
Female,28,Computer Science,2.9,3,9,3,99,97,41,Yes,14979.79
Male,18,Computer Science,3.32,0,2,0,72,54,49,Yes,7242.88
Female,20,Data Science,2.57,0,2,2,79,58,65,Yes,15396.65
Male,25,Engineering,3.98,4,2,0,43,80,57,No,13311.94
Male,22,Data Science,2.99,0,3,1,57,86,87,No,18333.77
Male,21,Arts,2.68,1,4,4,70,63,88,No,4496.08
Male,25,Computer Science,3.8,3,3,2,80,82,70,No,11313.22
Female,21,Computer Science,3.57,4,6,5,90,89,55,Yes,13330.57
Female,25,Arts,2.96,2,6,2,61,71,65,Yes,17702.16
Female,18,Engineering,2.17,3,5,2,77,55,51,No,3260.97
Male,25,Arts,3.37,2,2,2,75,94,80,No,16509.41
Male,24,Arts,2.9,3,4,2,47,50,48,No,11103.91
Female,26,Computer Science,2.5,2,7,1,94,50,94,Yes,18235.2
Male,24,Computer Science,2.24,2,8,5,93,62,94,Yes,4660.25
Male,28,Engineering,3.98,4,9,2,86,79,69,No,6885.25
Female,26,Business,2.11,0,2,3,92,82,65,No,11364.8
Male,18,Computer Science,2.64,0,9,3,40,59,86,No,14681.45
Female,23,Business,3.32,3,7,4,43,97,77,No,5191.54
Male,21,Computer Science,3.49,4,7,0,72,78,98,Yes,13320.95
Female,20,Engineering,3.91,0,1,4,49,42,86,No,10405.9
Female,22,Data Science,2.88,2,8,3,99,77,93,No,8891.29
Female,21,Computer Science,3.96,3,3,1,69,57,89,Yes,15146.61
Male,21,Arts,2.54,0,4,5,45,79,97,Yes,12618.15
Male,27,Engineering,2.65,1,4,0,52,63,48,Yes,4530.72
Male,25,Business,2.25,0,2,1,82,59,82,Yes,9592.81
Male,19,Computer Science,2.1,2,3,1,71,53,48,Yes,3623.01
Female,26,Data Science,2.25,4,5,0,64,60,74,Yes,9430.73
Female,18,Data Science,2,3,3,3,86,60,50,Yes,18707.32
Male,19,Data Science,3.51,2,5,5,41,50,41,No,13697.39
Male,22,Computer Science,3.48,2,8,5,80,84,69,No,15118.06
Female,25,Data Science,2.04,1,8,2,60,74,76,No,7986.97
Male,20,Arts,3.32,2,3,5,60,85,95,No,14612.89
Female,29,Business,2.46,1,5,4,59,75,90,Yes,19308.35
Male,29,Business,3.11,2,1,3,44,83,81,Yes,15558.83
Male,22,Arts,2.32,0,7,1,96,48,87,No,17565.23
Female,26,Business,3.45,3,3,3,96,41,90,No,5493.02
Male,21,Data Science,3.15,4,7,3,71,58,88,No,11434.14
Female,22,Data Science,3.86,1,8,5,51,73,92,No,6412.38
Male,27,Arts,3.59,4,7,4,89,93,93,No,12979.82
Female,24,Engineering,3.3,3,5,3,77,48,65,Yes,13679.82
Male,20,Arts,2.79,1,9,1,89,58,97,Yes,4032.2
Male,25,Arts,3.87,2,1,2,76,96,96,No,19590.4
Male,25,Computer Science,3.12,1,6,4,85,56,80,No,15807.07
Male,25,Computer Science,3.29,4,6,5,87,84,51,Yes,14073.6
Female,22,Engineering,2.47,3,7,0,66,57,81,Yes,8551.18
Male,28,Arts,3.06,2,7,5,49,76,62,Yes,9230.63
Male,25,Computer Science,3.35,0,2,0,66,58,72,Yes,4133.27
Female,26,Arts,2.83,2,5,3,94,76,98,Yes,5119.81
Female,22,Engineering,2.13,2,6,3,93,66,86,Yes,9350.44
Female,18,Computer Science,3.2,0,2,3,89,94,78,No,16101.66
Female,25,Computer Science,3.82,2,9,4,94,83,97,Yes,15490.83
Male,29,Business,2.73,2,6,3,62,61,77,Yes,6245.6
Male,28,Data Science,2.77,4,5,3,74,58,57,No,7816.62
Male,28,Arts,3.65,0,8,0,70,47,64,No,4017.84
Male,24,Engineering,3.26,1,8,5,88,49,72,Yes,15229.88
Female,21,Arts,3.72,2,1,0,79,87,83,Yes,18794.38
Female,22,Arts,2.43,2,7,5,63,81,69,Yes,10349.92
Male,19,Arts,3.2,4,6,4,68,65,89,No,7510.57
Male,19,Engineering,2.83,2,3,4,74,91,79,No,6942.04
Male,25,Data Science,3.6,4,1,2,55,97,50,No,16309.23
Male,20,Arts,2.96,4,2,3,62,81,94,Yes,14090.42
Female,28,Computer Science,2.84,2,1,2,52,48,45,Yes,19768.21
Male,28,Business,2.93,2,3,5,65,44,81,Yes,19174.97
Female,25,Data Science,3,2,6,0,93,46,95,Yes,4242.57
Female,26,Data Science,2.23,0,2,2,41,76,49,Yes,6068.55
Male,27,Arts,3.84,3,6,4,91,86,42,Yes,5477.61
Female,28,Engineering,2.97,3,8,0,47,62,97,Yes,11566.22
Female,22,Data Science,3.31,4,3,0,43,87,85,Yes,9836.7
Female,22,Business,2.18,0,3,1,48,97,67,No,16417.56
Male,22,Business,2.49,0,1,0,42,88,79,Yes,6370.28
Female,25,Engineering,2.41,1,3,2,91,77,85,Yes,4715.62
Female,25,Arts,2.18,1,7,1,70,91,74,Yes,13715.9
Female,27,Business,3.8,3,9,0,49,67,41,No,6032.32
Male,29,Computer Science,2.67,0,8,2,88,74,56,Yes,16761.52
Male,27,Business,2.54,2,3,3,42,71,43,No,7492.94
Male,22,Data Science,2.27,4,5,4,93,91,80,Yes,9615.08
Female,19,Arts,3.66,1,1,3,45,49,91,Yes,8872.02
Male,23,Data Science,2.49,2,1,1,79,53,98,Yes,19113.47
Male,23,Business,2.41,4,9,5,62,40,98,Yes,7406.91
Female,26,Engineering,2.04,0,7,2,90,86,74,Yes,10152.54
Female,27,Data Science,3.6,1,4,0,74,95,87,Yes,9967.56
Female,23,Data Science,2.44,1,4,1,94,92,50,Yes,17465.58
Male,19,Engineering,3.09,3,3,4,45,89,92,Yes,16886.8
Female,18,Computer Science,3.32,1,5,2,84,50,74,Yes,17504.66
Female,24,Business,2.19,0,8,2,51,43,45,Yes,13610.98
Male,18,Engineering,2.67,3,3,5,70,76,42,No,7284.23
Male,27,Engineering,3.74,4,6,4,75,99,80,Yes,6350.75
Female,22,Arts,2.7,1,4,4,52,45,90,Yes,5018.84
Female,24,Data Science,3,3,3,5,52,67,50,Yes,12715.86
Male,28,Business,3.55,0,1,3,65,56,59,Yes,9576.45
Female,22,Engineering,3.97,0,8,0,41,60,88,Yes,3936.27
Female,23,Business,2.56,2,7,0,90,81,45,Yes,15106.1
Female,21,Data Science,2.2,3,7,1,84,88,52,Yes,10869.07
Female,22,Data Science,2.58,4,8,0,90,89,40,No,3998.84
Female,24,Business,3,0,9,5,61,45,64,Yes,10523.08
Female,29,Computer Science,3.82,0,3,2,48,60,57,No,19101.28
Female,29,Computer Science,2.04,2,2,0,67,61,87,Yes,6025.67
Male,20,Arts,2.65,3,4,0,87,49,96,Yes,13859.47
Female,23,Business,3.16,4,4,0,80,80,59,No,10265.13
Female,20,Data Science,3.12,1,8,1,49,43,70,No,8597.35
Female,22,Arts,3.52,2,8,2,89,56,68,No,5561.26
Female,21,Engineering,2.03,0,7,4,61,94,99,No,9444.62
Male,20,Data Science,3.49,1,5,4,57,59,45,No,3450.99
Male,28,Arts,2.82,3,1,2,99,54,42,Yes,9327.97
Male,22,Business,3.63,2,6,3,57,65,64,No,12612.41
Female,26,Engineering,3.22,4,1,0,67,76,96,Yes,8661.42
Female,18,Business,2.01,0,2,3,68,94,77,Yes,5597.94
Male,24,Business,2.49,0,6,0,96,61,65,Yes,10340.75
Male,26,Data Science,3.14,4,1,3,66,78,45,Yes,9075.13
Female,28,Computer Science,2.27,0,6,2,50,46,56,No,19718.52
Female,26,Engineering,3.38,1,9,1,89,96,71,No,12583.56
Male,23,Data Science,2.63,3,6,1,43,80,70,No,10777.55
Male,24,Computer Science,2.43,0,1,4,76,55,91,Yes,19320.2
Male,23,Business,3.88,2,9,3,83,81,55,No,16325.59
Female,24,Engineering,2.44,1,7,4,66,62,42,No,8995.06
Male,18,Computer Science,2.36,2,5,0,79,42,91,No,10922.09
Female,22,Data Science,2.93,3,7,4,42,94,99,Yes,11773.06
Female,27,Engineering,2.59,3,6,3,66,44,41,Yes,6517.14
Male,18,Arts,2.78,0,8,3,62,48,49,Yes,5252.2
Male,29,Computer Science,3.69,0,8,3,89,54,91,No,5627.05
Female,26,Arts,3.94,0,8,0,92,65,89,No,9188.48
Male,18,Data Science,2.33,1,6,4,41,53,50,Yes,4574.62
Female,23,Arts,2.99,2,2,4,82,81,50,Yes,6352.47
Female,24,Computer Science,3.32,4,1,5,42,89,76,Yes,4744.25
Female,24,Data Science,2.03,1,6,4,79,98,47,Yes,3267.68
Female,26,Data Science,3.47,4,2,4,96,72,43,Yes,9686.81
Male,26,Arts,2.84,4,7,5,69,65,73,No,10569.97
Female,22,Engineering,3.29,4,2,4,52,42,44,No,15689.16
Male,22,Engineering,3.27,0,7,2,47,59,58,Yes,12639.54
Female,18,Computer Science,2.15,4,1,2,58,58,53,No,17586.25
Male,19,Computer Science,3.53,2,6,4,84,78,87,Yes,14663.83
Male,27,Engineering,2.47,0,8,3,90,88,46,Yes,16902.41
Female,18,Engineering,3.7,2,4,1,64,97,54,No,12617.74
Female,25,Engineering,3.42,3,2,1,47,44,97,Yes,12000.69
Male,29,Computer Science,3.53,2,9,2,84,70,89,No,19440.1
Female,23,Business,3.83,4,6,0,75,96,61,No,10023.02
Female,22,Computer Science,2.6,3,2,0,84,59,55,No,11923.96
Female,25,Engineering,2.22,4,5,5,68,84,71,No,14884.08
Male,20,Business,2.2,1,7,2,72,76,71,Yes,11264.09
Female,21,Data Science,2.23,4,3,3,65,83,98,Yes,10111.08
Female,23,Computer Science,2.79,3,1,0,83,60,77,No,14350.96
Female,23,Computer Science,3.59,4,5,5,98,91,71,No,3817.74
Female,22,Engineering,3.28,3,5,3,61,56,47,Yes,17599.46
Male,20,Business,3.78,1,7,4,44,48,96,Yes,19614.81
Male,24,Arts,3.39,4,6,2,74,58,76,Yes,13428.09
Female,27,Arts,3.53,3,1,1,40,92,82,Yes,10963.98
Female,25,Business,3.43,3,1,5,88,75,98,Yes,10705.28
Male,27,Arts,3.47,3,7,2,75,84,71,Yes,12565.36
Male,22,Data Science,3.12,3,2,4,66,84,98,Yes,15406.2
Female,28,Data Science,3.91,4,9,0,88,95,95,Yes,8085.75
Male,27,Computer Science,2.6,0,9,4,60,57,69,Yes,8386.4
Male,24,Arts,3.34,2,4,4,50,70,77,No,5339.24
Male,23,Engineering,2.46,3,3,3,41,55,76,Yes,15367.21
Female,25,Computer Science,2.8,0,8,3,99,56,42,Yes,9335.94
Male,21,Business,2.11,4,4,1,41,64,91,Yes,17215.66
Female,27,Data Science,2.64,1,3,0,50,63,89,Yes,11171.96
Female,28,Engineering,2.09,3,3,5,48,88,65,No,4936.67
Male,19,Engineering,2.14,0,3,5,41,55,89,Yes,19998.13
Male,21,Business,2.92,0,1,1,75,81,79,No,16897.92
Male,27,Computer Science,2.7,1,5,1,94,65,67,Yes,7584.37
Female,21,Computer Science,2.46,0,2,3,43,72,71,Yes,4376.88
Male,26,Computer Science,2.63,0,7,5,54,77,81,Yes,3546.99
Male,21,Business,3.88,2,4,1,57,92,44,Yes,16379.95
Female,23,Business,3.45,4,2,1,66,63,46,Yes,4815.21
Male,29,Arts,3.54,1,8,5,95,42,53,No,7365.7
Male,24,Computer Science,2.77,3,8,3,96,63,97,Yes,4671.73
Female,25,Computer Science,3.31,2,1,4,69,69,52,Yes,19344.79
Male,24,Computer Science,3.3,3,5,4,82,47,55,No,8637.88
Male,23,Data Science,2.88,2,2,3,47,57,68,No,7012.24
Female,25,Data Science,3.37,0,9,2,94,44,55,Yes,15192.32
Male,19,Computer Science,2.63,1,2,4,58,90,53,Yes,14047.72
Male,19,Computer Science,2.99,2,7,0,59,92,79,Yes,8830.01
Male,24,Computer Science,2.93,0,2,3,89,86,66,Yes,12515.83
Male,24,Engineering,3.89,2,2,2,83,97,63,Yes,13654.84
Female,22,Engineering,3.98,4,1,1,70,49,65,Yes,10037.77
Male,27,Computer Science,2.02,1,1,1,68,45,56,Yes,16647.72
Female,18,Business,3.26,4,9,5,57,87,63,Yes,15747.13
Female,28,Computer Science,2.89,3,2,3,81,48,51,Yes,17529.79
Male,27,Arts,2.01,4,3,5,60,45,50,Yes,4601.78
Male,21,Engineering,3.21,0,9,1,72,69,68,Yes,12919.82
Male,26,Data Science,2.66,3,6,3,49,84,97,No,15395.62
Female,23,Data Science,3.4,3,6,5,52,75,64,No,3290.98
Male,21,Business,3.32,3,9,0,53,54,43,No,13325.57
Male,21,Computer Science,2.46,1,7,1,56,49,47,Yes,9122.3
Male,26,Computer Science,2.28,3,3,5,93,56,47,No,18026.56
Female,25,Arts,2.51,4,9,0,57,84,68,No,17096.87
Male,18,Data Science,2.26,3,4,3,72,46,83,Yes,7280.02
Male,19,Engineering,3.17,1,3,5,51,59,86,Yes,16505.1
Male,25,Engineering,3.24,2,9,5,94,60,94,No,5315.12
Female,20,Engineering,2.08,1,3,1,73,48,83,Yes,16287.19
Male,21,Arts,3.38,1,1,4,48,49,80,No,14659.65
Female,23,Arts,3.74,4,3,3,97,42,64,Yes,17044.03
Female,29,Computer Science,3.94,2,3,0,70,67,49,No,11888.63
Female,23,Arts,2.53,0,5,5,71,84,61,No,16125.2
Female,18,Engineering,3.51,3,9,1,95,49,43,No,15426.84
Male,20,Computer Science,3.05,3,7,5,41,75,68,Yes,3981.65
Female,23,Arts,2.51,4,3,4,96,46,85,Yes,11754.41
Female,29,Business,2.08,0,3,2,46,67,77,Yes,12532.96
Female,26,Engineering,2.59,2,4,3,91,77,69,No,18350.6
Female,27,Business,2.78,1,7,3,82,44,99,Yes,12350.97
Male,25,Data Science,3.89,3,4,3,41,78,75,Yes,18304.15
Male,27,Business,2.58,2,9,1,68,60,83,Yes,7068
Female,25,Engineering,3.99,4,3,3,57,99,65,Yes,10350.95
Female,22,Arts,3.83,1,7,4,64,86,90,No,11952.36
Female,23,Engineering,2.8,4,9,5,97,44,61,Yes,8940.65
Female,19,Computer Science,2.37,1,5,4,78,77,96,No,8780.2
Female,26,Computer Science,3.5,1,4,5,69,92,83,Yes,5737.33
Male,24,Data Science,3.52,3,2,3,85,82,45,Yes,5931.03
Male,26,Data Science,2.4,4,5,3,92,73,73,No,17461.67
Female,22,Engineering,2.58,2,3,2,99,58,88,Yes,15549.39
Female,20,Business,3.65,2,3,1,65,99,95,No,10487.33
Female,25,Business,3.38,3,7,5,99,96,53,Yes,16205.76
Male,19,Business,2.99,0,6,0,98,83,99,Yes,5546.35
Female,24,Business,2.36,1,3,3,56,66,82,Yes,6561.62
Male,20,Arts,3.93,1,9,0,46,68,61,No,13010.97
Male,24,Data Science,3.53,2,7,5,70,96,54,Yes,4774.76
Male,23,Business,2.14,2,8,0,50,98,85,Yes,14389.17
Female,28,Computer Science,2.84,0,4,5,72,65,88,Yes,8450.81
Female,24,Computer Science,2.22,4,7,3,54,73,94,Yes,18211.9
Female,18,Engineering,3.55,0,9,0,87,65,74,Yes,13687.32
Male,21,Engineering,3.48,4,8,4,58,44,94,No,10508.09
Female,29,Data Science,3.62,4,7,5,73,67,42,No,12209.29
Male,20,Computer Science,2.17,3,5,5,83,95,55,Yes,6873.59
Male,29,Business,2.25,3,8,2,87,95,86,Yes,3582.03
Female,20,Arts,2.75,4,8,1,89,45,69,Yes,3945.82
Female,27,Engineering,2.8,4,4,2,73,78,81,Yes,9816.88
Female,28,Arts,3.51,4,9,4,55,55,90,No,17411.26
Male,25,Engineering,3.29,0,1,2,67,49,79,Yes,14750.35
Female,23,Arts,3.43,3,9,0,69,50,55,No,13938.57
Female,23,Arts,3.53,0,1,5,80,69,56,Yes,19198.46
Male,18,Engineering,3.53,3,5,0,78,67,74,Yes,18196.29
Male,18,Engineering,2.25,1,6,0,40,57,82,Yes,10289.33
Male,29,Data Science,3.02,1,5,2,60,58,99,No,15633.06
Female,27,Business,3.22,2,4,2,41,57,41,No,11571.19
Male,21,Business,2.71,3,5,0,81,74,52,Yes,14829.12
Female,25,Arts,3.22,3,7,4,94,94,48,Yes,10575.11
Female,19,Data Science,2.46,4,2,5,82,61,41,Yes,12829.69
Male,28,Engineering,3.84,2,7,3,95,93,96,No,5767.23
Male,26,Engineering,3.1,1,9,1,81,87,91,Yes,15645.81
Female,20,Arts,3.97,1,7,4,51,73,49,Yes,3823.09
Female,23,Data Science,3.76,0,4,0,80,60,99,Yes,4046.56
Female,18,Arts,2.65,1,8,4,52,78,52,Yes,12353.81
Female,19,Business,2.08,0,8,4,92,86,73,Yes,13952.75
Female,18,Engineering,3.93,0,9,5,77,82,55,No,7934.58
Male,25,Data Science,2.84,0,6,5,96,78,61,Yes,18263.62
Female,25,Engineering,3.85,1,1,2,84,79,81,Yes,11506.91
Female,23,Arts,3.63,3,9,3,53,82,59,Yes,5180.27
Female,29,Data Science,3.26,4,9,3,49,77,70,Yes,18224.8
Male,26,Business,2.68,4,1,1,78,69,56,Yes,12712.09
Female,19,Data Science,3.55,0,9,5,70,95,53,Yes,14695.14
Female,23,Arts,3.05,3,1,2,53,96,99,Yes,9122.06
Male,24,Engineering,3.18,2,2,3,91,50,96,Yes,17552.26
Male,25,Arts,2.86,1,6,3,94,51,51,No,13573.23
Male,18,Data Science,2.06,1,7,1,41,96,92,Yes,13434.25
Female,24,Data Science,2.66,4,7,1,81,87,82,No,8751.44
Female,22,Arts,2.52,0,6,4,88,51,91,Yes,18736.31
Male,19,Business,2.4,3,8,3,90,84,78,No,19472.73
Male,22,Business,3.1,3,8,2,76,65,93,Yes,14276.08
Female,20,Computer Science,2.35,1,1,4,50,61,73,Yes,3396.99
Male,20,Computer Science,2.43,3,9,0,76,71,59,Yes,16710.16
Male,19,Engineering,2.47,3,4,4,71,81,90,Yes,11403.67
Male,18,Engineering,2.95,1,4,5,59,67,50,Yes,19546.81
Female,27,Engineering,3.94,3,9,3,95,65,69,No,7342.27
Male,29,Engineering,3.02,3,2,1,51,68,70,Yes,4351.22
Female,19,Computer Science,2.65,4,6,2,46,79,44,Yes,17328.7
Female,19,Business,3.07,1,2,1,45,79,64,Yes,11528.02
Female,29,Engineering,3.25,0,9,0,85,90,51,Yes,9075.9
Male,24,Computer Science,3.24,0,3,0,93,67,62,Yes,10337.61
Female,24,Business,3.44,4,6,0,77,50,87,Yes,19026.07
Female,21,Business,2.92,1,3,2,75,63,88,No,3747.88
Female,27,Business,3.97,4,5,5,46,87,68,No,12202.19
Male,24,Computer Science,2.37,0,3,3,71,92,61,Yes,6828.03
Male,25,Computer Science,2.08,1,8,3,82,45,96,No,17240.3
Male,25,Arts,2.73,1,4,3,72,96,58,Yes,12872.61
Male,29,Arts,2.95,4,3,0,89,81,47,No,11384.07
Female,24,Computer Science,2.24,1,8,1,75,74,83,No,13297.52
Male,19,Engineering,2.82,1,7,1,67,71,77,Yes,8685.08
Female,27,Business,2.01,3,1,4,94,95,67,Yes,16681.56
Female,21,Arts,2.12,0,3,1,53,78,99,No,13044.16
Female,25,Arts,2.59,2,3,0,43,64,54,Yes,17434.9
Female,20,Business,3.69,4,4,4,89,47,99,Yes,13046.97
Male,21,Arts,3.68,3,1,4,51,41,79,Yes,5910.55
Female,26,Data Science,3.26,1,9,4,57,41,89,No,16050.61
Female,28,Data Science,2.6,2,2,1,90,68,99,Yes,17630.85
Female,18,Arts,2.97,1,7,3,49,57,66,No,16250.95
Female,21,Engineering,3.86,2,2,5,51,98,73,Yes,10627.29
Female,21,Data Science,2.16,4,8,2,83,94,83,Yes,14313.26
Female,27,Engineering,2.51,4,3,3,41,91,87,No,16142.84
Male,26,Computer Science,2.11,1,6,1,75,70,72,Yes,7946.94
Male,29,Business,2.3,0,8,3,49,80,84,Yes,5161.29
Female,29,Arts,2.32,1,5,1,83,81,88,Yes,19300.62
Male,24,Data Science,2.67,2,7,0,69,95,41,Yes,18901.46
Male,21,Engineering,3.41,3,9,4,99,43,43,Yes,14599.95
Female,25,Arts,2.58,0,5,2,56,81,80,No,12998.74
Male,23,Computer Science,3.15,2,7,3,61,50,82,Yes,19378.52
Female,26,Computer Science,3.33,0,8,5,76,80,55,No,16222.2
Female,29,Data Science,3.15,0,4,3,96,52,74,Yes,10426.97
Female,22,Arts,2.06,4,8,3,51,90,66,No,17853.06
Female,29,Arts,2.76,0,8,4,72,64,50,Yes,17186.68
Female,28,Arts,2.21,4,1,2,71,70,58,Yes,12257.41
Female,26,Computer Science,2.46,3,7,3,55,41,56,Yes,8972.11
Male,23,Computer Science,3.34,0,6,5,62,41,86,Yes,9163.55
Female,19,Business,3.21,3,9,0,65,53,58,Yes,12367.01
Female,25,Computer Science,2.48,1,8,2,54,44,50,Yes,17833.3
Female,20,Computer Science,2.56,0,4,5,70,99,58,Yes,10203.55
Male,25,Business,2.37,0,2,0,76,50,95,Yes,4842.45
Male,26,Arts,2.81,2,3,3,49,78,89,Yes,8528.59
Male,19,Computer Science,2.29,1,7,0,99,54,51,No,3173.08
Female,29,Business,3.69,0,9,3,88,83,72,Yes,17924.85
Female,29,Arts,2.37,1,3,4,60,88,81,No,7200.08
Male,25,Engineering,2.27,1,7,2,78,70,72,Yes,19297.84
Female,19,Business,2.47,4,1,4,94,94,56,Yes,9443.42
Male,26,Business,2.73,0,3,1,75,71,61,No,12056.65
Male,19,Arts,3.63,2,2,4,63,51,85,No,15930.9
Female,27,Data Science,3.83,3,6,1,46,41,73,Yes,3689.25
Male,20,Engineering,3.11,0,9,5,63,71,51,No,9985.59
Female,29,Computer Science,3.59,4,3,1,59,62,87,Yes,9819.29
Female,21,Data Science,3.39,1,8,0,83,97,99,Yes,3650.57
Male,22,Arts,2.11,0,9,5,44,90,71,Yes,14909.09
Male,20,Arts,3.47,2,8,5,44,60,44,Yes,15904.27
Male,29,Arts,3.73,3,9,4,92,40,54,Yes,13108.46
Male,28,Data Science,3.27,4,9,5,89,83,87,Yes,10240.59
Female,18,Arts,2.32,0,3,2,55,71,44,No,6325.37
Female,28,Engineering,3.98,0,9,1,88,93,47,No,6297.37
Female,29,Data Science,3.62,0,1,2,59,74,82,No,14406.25
Female,25,Engineering,2.84,0,4,0,63,79,83,Yes,11265.38
Female,23,Engineering,3.57,1,1,3,83,72,98,Yes,14081.64
Male,27,Arts,3.06,0,2,1,43,68,40,No,18606.52
Female,26,Engineering,3.48,1,4,5,44,92,82,Yes,13826.71
Male,23,Data Science,3.49,4,8,3,48,49,51,Yes,4107.41
Female,18,Arts,3.51,4,6,0,88,70,56,Yes,14353.63
Female,29,Computer Science,2.05,0,4,4,94,74,97,No,3340.1
Female,23,Business,2.02,1,4,2,58,61,84,Yes,19210.11
Male,28,Computer Science,3.97,1,6,1,74,92,40,Yes,7490.06
Male,23,Data Science,3.48,1,1,5,98,64,54,No,12183.67
Female,19,Arts,3.65,4,5,5,83,61,41,No,13284.13
Male,21,Data Science,2.26,4,4,1,47,60,61,No,6682.34
Male,26,Arts,2.64,3,8,4,67,81,66,Yes,5284.59
Female,18,Business,3.98,4,9,3,63,48,57,No,16699.62
Male,26,Engineering,2.07,2,2,3,72,59,79,Yes,14771.45
Male,18,Engineering,3.39,0,2,2,59,44,90,Yes,13400.44
Male,18,Engineering,2.33,0,8,2,66,49,58,No,5927.12
Male,28,Business,2.75,4,6,3,60,67,88,Yes,15847.05
Male,27,Data Science,3.85,1,8,0,64,84,63,Yes,13993.18
Female,20,Computer Science,2.98,0,1,1,78,93,46,Yes,12885.79
Female,23,Computer Science,3.51,4,3,1,51,52,60,No,10776.57
Male,19,Computer Science,2.14,3,7,4,96,47,86,Yes,5793.04
Female,20,Business,2.75,2,7,4,80,79,70,Yes,6218.79
Male,21,Data Science,2.03,2,5,0,66,84,67,Yes,17079.16
Male,18,Data Science,3.76,3,9,1,49,58,94,Yes,6753.95
Male,24,Data Science,3.48,4,2,4,40,98,50,Yes,18448.07
Female,25,Computer Science,2.26,0,1,4,91,62,74,Yes,5593.92
Female,21,Computer Science,2.88,4,3,0,86,55,90,No,14346.16
Male,27,Computer Science,2.24,4,7,1,57,41,85,No,9981.8
Female,25,Computer Science,3.16,2,8,0,43,62,58,Yes,13620.79
Male,27,Business,3.8,3,8,1,91,50,66,Yes,3754.06
Female,22,Computer Science,3.94,2,2,1,58,45,88,Yes,9048.83
Male,26,Data Science,2.94,1,6,4,84,69,50,No,6239.91
Female,18,Data Science,3.66,2,5,5,55,44,83,Yes,4987.98
Female,27,Data Science,3.54,4,2,4,81,50,65,No,3497.44
Male,25,Arts,2.02,3,1,2,45,93,54,No,3685.82
Male,18,Data Science,2.34,3,4,0,43,44,50,Yes,14945.74
Male,18,Business,2.45,0,6,3,77,87,59,Yes,11456.02
Female,29,Business,2.18,1,9,3,41,87,52,No,8415.83
Male,20,Computer Science,2.57,1,9,2,52,62,69,No,4487.87
Female,22,Data Science,2.68,1,3,0,43,71,55,Yes,5953.95
Female,27,Data Science,2.85,4,9,5,52,88,83,No,7603.27
Male,28,Data Science,3.83,0,6,1,80,46,44,Yes,11271.81
Male,29,Business,3.03,1,8,4,91,52,57,Yes,18923.74
Female,19,Business,2.27,0,8,0,55,57,61,Yes,8772.98
Male,27,Data Science,2.98,2,3,4,56,49,74,No,9065.66
Male,29,Computer Science,3.03,1,3,1,86,62,55,Yes,15131.78
Female,23,Computer Science,2.62,2,9,4,67,63,72,Yes,11250.38
Female,26,Business,3.19,0,3,3,86,82,92,No,7802.32
Male,23,Arts,2.61,3,4,0,73,96,93,Yes,5653.91
Male,24,Data Science,2.56,3,7,4,61,43,97,Yes,3657.52
Female,26,Business,3.75,3,9,2,65,61,61,Yes,6760.82
Female,28,Data Science,2.81,2,3,0,83,94,97,Yes,18678.99
Male,22,Business,3.02,4,1,3,97,46,59,Yes,19895.36
Female,26,Business,3.23,3,2,3,74,91,80,Yes,16671.18
Male,22,Engineering,3.24,4,4,3,88,84,49,No,10848.79
Female,19,Arts,3.23,3,7,0,63,47,97,Yes,15146.03
Female,21,Business,3.53,2,1,5,85,86,44,No,16996.91
Female,20,Engineering,2.57,2,4,4,59,78,54,Yes,9110.34
Male,25,Business,3.59,1,2,5,83,90,65,Yes,6018.69
Female,18,Engineering,3.08,2,7,4,54,99,91,No,5762.24
Female,24,Engineering,3.78,2,7,2,51,70,62,Yes,12758.28
Female,20,Arts,3.87,1,7,5,71,56,90,Yes,4061.44
Female,25,Data Science,2.14,3,6,1,65,58,76,Yes,19894.46
Female,21,Data Science,2.84,2,5,5,93,87,47,Yes,10592.88
Male,24,Engineering,3.76,2,3,2,45,83,48,Yes,6887.32
Male,22,Business,2.92,4,8,0,61,47,54,Yes,11804.64
Female,20,Arts,3.82,0,7,5,95,67,60,Yes,7228.62
Female,24,Arts,2.03,2,2,2,58,93,94,No,13490.6
Female,27,Arts,3.1,0,5,4,52,99,67,Yes,16962.46
Female,27,Business,2.58,3,2,5,69,74,94,Yes,10187.63
Female,22,Data Science,2.44,1,3,4,82,86,41,Yes,15532.05
Female,29,Arts,2.87,3,7,0,62,57,81,No,13066.88
Female,25,Data Science,3.99,4,2,4,94,66,45,No,5878.76
Female,18,Data Science,2.54,2,1,1,97,92,76,No,6641.61
Female,21,Business,3.73,3,6,5,60,72,96,No,12259.54
Female,29,Computer Science,2.45,1,5,3,66,82,85,Yes,17434.35
Female,21,Data Science,3.47,0,7,2,45,44,46,No,10552.26
Female,19,Arts,2.62,3,4,0,64,70,57,Yes,13638.42
Female,20,Business,2.11,4,2,2,57,63,78,No,15900.67
Male,19,Business,3.77,2,7,3,98,67,91,No,16573.25
Male,21,Business,3.05,2,2,5,88,45,42,No,14009.2
Female,28,Arts,3.9,4,3,0,73,59,58,No,16291.01
Female,18,Engineering,3.42,4,5,4,68,64,88,Yes,13286.54
Female,22,Business,2.42,0,4,3,84,86,94,Yes,18716.1
Male,25,Data Science,3.33,2,4,4,96,92,70,No,8818.16
Male,29,Business,3.49,0,2,4,62,70,48,Yes,17216.35
Female,22,Engineering,3.75,0,9,2,95,61,62,Yes,14014.67
Male,28,Data Science,3.54,3,2,1,40,78,56,Yes,12744.83
Male,22,Data Science,3.35,1,9,5,70,44,53,No,15207.59
Male,25,Data Science,2.45,1,9,3,40,56,69,Yes,3392.81
Male,24,Business,2.09,3,5,4,46,85,87,No,16282.41
Female,21,Business,2.47,0,8,4,76,41,43,Yes,6898.44
Male,21,Data Science,2.62,3,5,0,76,78,58,Yes,5614.67
Male,27,Engineering,2.96,1,9,4,82,82,58,No,14295.59
Male,24,Computer Science,2.86,3,6,1,69,46,70,No,18345.26
Male,25,Data Science,2.61,2,8,3,74,63,78,Yes,12350.27
Female,22,Engineering,3.31,3,7,4,43,83,58,No,6973.37
Male,27,Engineering,2.46,0,5,0,44,90,96,No,15565.36
Female,19,Engineering,3.66,0,5,5,56,64,98,Yes,18277.75
Male,25,Data Science,3.73,0,7,5,89,58,54,Yes,15491.59
Female,22,Data Science,3.68,0,6,0,63,45,56,Yes,16743.46
Male,28,Computer Science,2.2,4,3,2,40,63,84,Yes,18898.65
Male,28,Engineering,3.59,2,9,3,49,56,55,Yes,11924.96
Male,18,Business,3.53,3,6,4,50,79,85,Yes,18345.03
Male,19,Arts,3.06,3,7,5,84,53,96,Yes,16643.63
Female,20,Arts,3.28,2,7,4,77,72,76,No,8949.18
Female,29,Engineering,3.72,3,2,3,78,46,53,Yes,8561.57
Male,21,Arts,2.1,1,2,5,95,59,43,Yes,6535.76
Female,27,Arts,2.78,3,2,1,71,56,57,Yes,14320.72
Male,29,Data Science,2.52,1,7,3,42,50,56,Yes,18040.45
Female,18,Data Science,2.76,2,5,5,59,47,71,Yes,4424.87
Male,29,Computer Science,2.11,4,2,2,43,96,45,Yes,12843.06
Female,24,Engineering,3.37,1,1,2,53,53,92,Yes,14881.34
Female,26,Arts,3.88,3,4,2,97,74,44,No,16858.74
Female,29,Data Science,2.62,3,2,2,81,59,79,Yes,12475.89
Male,29,Arts,3.81,1,1,4,67,73,44,No,14223.56
Female,20,Arts,2.33,3,4,2,46,91,60,No,11898.3
Male,22,Business,2.29,4,8,0,72,56,51,Yes,6263.11
Male,19,Engineering,3.09,4,1,3,97,57,66,Yes,4160.29
Male,27,Data Science,2.56,2,7,4,99,73,72,Yes,7350.83
Male,24,Data Science,3.11,0,6,2,61,67,55,No,16832.99
Female,18,Business,2.81,4,1,4,84,58,66,Yes,5062.67
Female,29,Data Science,3.8,1,3,0,43,62,49,No,4219.24
Female,21,Business,2.27,3,9,4,88,45,95,No,6774.72
Male,23,Engineering,2.78,0,7,3,67,44,54,No,7925.31
Male,29,Computer Science,3.55,1,3,3,84,70,47,Yes,9837.96
Male,20,Arts,2.31,0,5,0,66,46,46,Yes,17161.06
Female,27,Computer Science,3.09,0,9,1,56,47,66,Yes,13611.74
Female,24,Business,3.46,0,9,2,47,44,62,Yes,15758.12
Female,25,Arts,3.05,4,3,5,78,73,62,Yes,18139.59
Male,29,Arts,3.81,3,5,5,89,91,48,Yes,16045.96
Male,27,Engineering,2.89,0,6,1,94,53,60,No,7449.3
Male,23,Arts,2.5,0,1,0,98,69,63,Yes,12323.3
Male,25,Arts,2.62,2,7,5,73,85,57,Yes,10704.07
Female,23,Business,3.61,3,9,0,63,99,57,No,16975.31
Male,22,Business,3.67,4,6,4,62,49,88,Yes,7249.4
Female,22,Business,3.44,3,6,4,68,71,95,Yes,13345.01
Female,25,Arts,2.27,4,8,1,60,53,45,Yes,3671.46
Male,26,Engineering,2.99,0,2,4,56,49,59,No,8514.71
Female,18,Business,3.54,3,1,3,98,96,82,Yes,10989.61
Male,28,Arts,2.2,4,5,1,94,94,78,No,6510.68
Male,20,Business,2.95,3,8,4,40,50,47,Yes,14431.97
Female,20,Engineering,3.76,1,5,3,41,66,81,Yes,9258.06
Male,18,Arts,2.25,3,7,2,72,42,45,Yes,6196.55
Male,25,Business,2.99,2,6,1,94,85,45,Yes,17767.78
Male,29,Engineering,2.33,2,2,5,58,51,46,No,6409.22
Female,19,Business,3.72,4,6,3,87,84,50,Yes,12793.86
Male,19,Computer Science,2.34,2,3,1,59,53,87,Yes,11253.55
Male,18,Arts,2.13,4,1,1,46,92,92,Yes,10552.2
Male,20,Data Science,2.4,0,2,3,85,52,65,Yes,7023.75
Male,28,Arts,3.07,4,8,0,90,83,59,No,16942.83
Male,25,Computer Science,3.76,3,7,2,99,76,63,Yes,13928.58
Female,23,Data Science,2.21,3,4,0,69,44,47,Yes,16666.7
Female,27,Data Science,3.99,1,8,3,63,95,71,No,15338.29
Male,21,Business,3.91,0,4,4,76,63,48,No,15994.41
Male,21,Data Science,2.2,2,6,1,60,86,99,Yes,6266.03
Female,24,Arts,3.82,2,6,1,73,92,62,Yes,13350.6
Female,23,Engineering,3.98,0,6,5,85,71,52,Yes,16395.53
Female,29,Computer Science,3.91,3,5,3,96,76,44,Yes,11449.79
Female,22,Business,2.77,4,5,5,98,45,53,No,13524.36
Female,26,Engineering,3.19,1,8,3,95,96,92,Yes,7625.65
Female,27,Data Science,2.21,3,3,3,62,85,84,Yes,10756.02
Male,24,Business,3.37,3,3,3,97,55,89,Yes,17255.37
Male,22,Business,2.43,4,5,1,59,71,63,No,6564.42
Female,28,Computer Science,2.29,0,4,2,45,46,41,Yes,15091.93
Male,26,Computer Science,2.58,4,8,3,47,80,42,Yes,13804.98
Female,18,Business,2.83,3,8,0,78,95,87,Yes,4277.89
Female,29,Business,2.68,3,6,3,99,47,81,No,14296.2
Male,24,Data Science,3.17,3,9,1,54,43,52,No,10752.89
Female,28,Data Science,2.13,4,8,3,86,71,87,Yes,6092.97
Male,22,Arts,2.52,3,4,2,47,99,54,Yes,10264.23
Female,27,Business,2.81,3,3,1,91,90,92,No,5153.47
Male,18,Data Science,3.14,1,3,4,50,64,72,Yes,19108.06
Male,29,Computer Science,2.88,1,7,5,70,47,46,Yes,19567.53
Female,28,Arts,2.9,3,8,1,86,68,82,Yes,10241.07
Female,18,Engineering,2.88,1,1,5,65,51,92,Yes,6569.08
Female,23,Arts,3.63,1,2,0,54,59,54,No,16542.44
Male,26,Computer Science,2.39,0,3,4,40,83,50,No,8374.02
Male,18,Business,3.79,0,1,0,53,75,70,No,9062.07
Female,26,Engineering,2.68,2,2,4,93,47,42,No,9808.5
Female,19,Arts,3.83,0,9,0,86,80,50,Yes,15166.75
Female,24,Data Science,2.29,4,5,2,71,95,42,Yes,13409.9
Male,29,Business,3.6,1,5,4,64,61,65,No,19852.1
Male,22,Business,2.08,2,7,4,89,76,54,Yes,17278.68
Female,25,Arts,3.85,1,9,4,77,99,69,Yes,19569.56
Female,20,Engineering,3.94,2,8,0,95,96,74,Yes,16141.42
Female,29,Engineering,2.1,3,6,5,77,62,69,Yes,10183.06
Female,23,Data Science,3.61,0,1,5,83,98,40,Yes,18662.88
Female,22,Computer Science,2.3,2,3,4,81,58,94,No,9842.24
Male,24,Computer Science,3.35,1,4,5,62,44,97,No,4707.38
Female,21,Data Science,3.82,2,8,4,50,65,63,Yes,6762.64
Male,18,Engineering,3.81,1,7,5,68,75,92,Yes,19639.13
Male,22,Data Science,2.43,4,9,0,47,90,50,Yes,6084.81
Male,27,Arts,2.21,4,8,2,62,96,47,No,9719.27
Female,27,Business,3.31,1,5,1,51,40,80,Yes,17113.95
Male,18,Arts,3.35,4,4,4,45,48,48,Yes,11557.62
Female,20,Arts,2.65,2,8,0,46,72,71,Yes,14121.73
Female,25,Engineering,3.97,2,9,3,71,70,78,No,17844.04
Female,24,Business,2.32,4,3,2,99,41,88,Yes,4828.87
Male,18,Computer Science,2.38,0,9,4,54,54,92,No,11110.89
Male,21,Engineering,2.89,0,4,4,79,92,90,Yes,8497.93
Male,24,Engineering,3.17,2,8,5,74,55,54,Yes,13777.61
Female,22,Arts,3.69,1,6,4,55,54,42,No,11421.47
Male,19,Business,3.88,0,6,3,76,54,51,Yes,8807.72
Female,23,Arts,2.04,2,1,3,48,97,55,Yes,6442.3
Female,21,Arts,3.79,4,1,5,97,70,43,Yes,5461.97
Male,26,Business,2.67,4,4,4,51,85,79,Yes,15635.64
Female,27,Engineering,2.22,1,3,5,76,67,76,Yes,17061.18
Male,29,Computer Science,2.65,3,9,2,53,95,70,Yes,16329.14
Male,18,Engineering,3.79,2,2,1,63,43,76,No,14440.86
Male,26,Engineering,2.67,4,8,3,88,66,98,No,13642.2
Male,28,Engineering,2.67,3,7,4,45,56,46,Yes,9946.62
Male,27,Business,3.23,2,8,0,57,63,95,Yes,13858.72
Male,25,Engineering,3.34,1,7,4,59,86,81,Yes,4997.48
Female,29,Business,3.05,0,3,4,68,96,58,No,12694.04
Female,20,Business,3.97,3,3,2,95,41,52,No,12873.67
Male,22,Computer Science,3.92,3,3,1,88,79,90,No,11421.06
Female,28,Arts,3.61,3,7,5,73,92,90,Yes,16657.35
Female,18,Business,3.54,0,1,3,51,57,45,Yes,9281.36
Female,26,Computer Science,2.3,0,8,0,41,42,61,Yes,8473.7
Female,21,Arts,2.18,0,7,2,51,87,99,No,4808.08
Female,20,Business,3.94,4,7,2,58,88,71,Yes,8402.3
Male,21,Data Science,2.16,1,8,5,49,42,98,No,9199.09
Male,24,Arts,3.61,4,1,5,97,41,73,Yes,4498.52
Female,20,Arts,2.1,0,2,2,66,88,65,Yes,15543.74
Male,29,Engineering,2.36,2,3,2,87,75,90,Yes,3577.24
Male,26,Arts,2.84,1,4,2,59,60,56,No,18411.37
Female,23,Data Science,3.94,4,3,5,74,76,97,Yes,4753.81
Female,22,Computer Science,2.85,3,5,5,57,46,89,Yes,6991.14
Male,22,Engineering,2.28,1,2,5,78,63,49,Yes,5912.84
Male,18,Computer Science,2.35,1,7,5,56,62,82,Yes,13851.21
Female,29,Business,3.33,1,7,2,95,43,75,No,19832.51
Female,18,Arts,3.95,4,7,1,64,85,65,No,17178.33
Female,21,Computer Science,2.12,3,8,1,59,41,52,Yes,4162.87
Female,29,Engineering,3.75,3,1,0,63,81,69,Yes,4892.69
Female,26,Computer Science,3.05,4,7,2,65,83,53,Yes,12116.9
Male,29,Computer Science,2.34,1,2,3,83,40,50,No,16257.87
Male,23,Computer Science,3.15,3,9,2,78,94,57,No,15110.23
Male,22,Business,3.4,4,8,0,64,61,61,Yes,11673.43
Female,29,Engineering,3.22,3,7,5,46,86,62,No,3436.01
Female,29,Business,3.85,1,1,0,56,74,76,Yes,19761.43
Female,19,Engineering,3.28,4,1,0,91,81,94,Yes,15934.35
Female,22,Arts,2.84,4,1,0,67,52,46,Yes,13398.42
Female,20,Data Science,2.59,4,3,5,77,59,41,Yes,15098.55
Female,19,Business,2.78,2,7,3,80,53,64,No,13140.38
Female,22,Business,2.52,3,9,4,59,45,78,No,14940.13
Male,19,Data Science,2.86,3,9,1,73,81,63,Yes,8607.62
Male,28,Data Science,2.71,0,5,0,77,96,82,No,16772.72
Male,26,Engineering,2.97,3,4,3,50,59,60,No,4159.32
Female,19,Engineering,2.13,4,6,1,69,69,90,No,11214.65
